precio,marca,gastos_envio,garantía,altura,anchura,profundidad,capacidad,puertas,baldas,instalación,consumo_anual,eficiencia,ruido,refrigeración,color
418.49,TEKA,37.0,3,188.0,60.0,64.0,224.0,2,4,NoFrost,293.0,F,41,NoFrost,Inox
393.49,INDESIT,37.0,3,180.0,70.0,69.0,333.0,2,5,Cíclico,282.0,F,44,Cíclico,Blanco
437.49,INDESIT,37.0,3,189.0,60.0,66.0,230.0,2,4,Cíclico,247.0,E,40,Cíclico,Inox
406.49,TEKA,37.0,3,188.0,60.0,64.0,224.0,2,4,NoFrost,293.0,F,41,NoFrost,Blanco
455.2,KROMSLINE,37.0,5,185.0,60.0,66.0,211.0,2,4,NoFrost,256.0,E,41,NoFrost,Blanco
741.49,BOSCH,37.0,3,186.0,60.0,66.0,237.0,2,4,NoFrost,238.0,E,39,NoFrost,Inox
951.2,KROMSLINE,78.0,5,184.0,75.0,69.0,259.0,4,3,NoFrost,331.0,F,42,NoFrost,Inox
571.49,BALAY,37.0,3,82.0,60.0,55.0,137.0,1,3,Cíclico,114.0,F,38,Cíclico,Blanco
1608.61,SMEG,37.0,3,172.0,60.0,77.0,222.0,2,4,Cíclico,168.0,D,37,Cíclico,Azul
730.99,BOSCH,37.0,3,186.0,60.0,66.0,237.0,2,4,NoFrost,191.0,D,36,NoFrost,Inox
437.49,TEKA,37.0,3,188.0,60.0,64.0,224.0,2,4,NoFrost,235.0,E,41,NoFrost,Blanco
1026.99,BALAY,37.0,3,203.0,60.0,66.0,279.0,2,5,NoFrost,238.0,E,39,NoFrost,Blanco
477.49,BALAY,37.0,3,186.0,60.0,66.0,216.0,2,4,NoFrost,239.0,E,42,NoFrost,Blanco
416.99,WINIA,37.0,3,186.0,60.0,66.98464912280701,207.0,2,4,NoFrost,239.0,E,41,NoFrost,Inox
1149.99,BALAY,37.0,3,203.0,70.0,67.0,330.0,2,5,NoFrost,259.0,E,40,NoFrost,Blanco
540.49,LG,37.0,3,186.0,60.0,68.0,234.0,2,4,NoFrost,214.0,D,35,NoFrost,Blanco
973.49,SIEMENS,37.0,3,186.0,60.0,66.0,237.0,2,4,NoFrost,191.0,D,36,NoFrost,Inox
400.99,WINIA,37.0,3,186.0,60.0,66.98464912280701,207.0,2,4,NoFrost,299.0,F,41,NoFrost,Inox
974.99,BOSCH,37.0,3,203.0,60.0,66.0,279.0,2,5,NoFrost,238.0,E,39,NoFrost,Inox
1461.49,BALAY,37.0,3,203.0,70.0,67.0,330.0,2,5,NoFrost,207.0,D,36,NoFrost,Blanco
547.49,FAGOR,37.0,3,186.0,60.0,60.0,206.0,2,4,NoFrost,239.0,E,38,NoFrost,Inox
377.49,WINIA,37.0,3,185.0,60.0,66.98464912280701,221.0,2,4,NoFrost,250.0,E,40,NoFrost,Inox
476.49,BEKO,37.0,3,187.0,60.0,66.0,210.0,2,4,Libre,247.0,E,37,NoFrost,Inox
506.99,INDESIT,37.0,3,203.0,60.0,68.0,263.0,2,4,NoFrost,254.0,E,39,NoFrost,Blanco
819.49,LG,37.0,3,203.0,60.0,66.98464912280701,263.1327623126338,2,4,NoFrost,228.83690987124464,D,38,NoFrost,Negro
837.99,BALAY,37.0,3,203.0,70.0,67.0,330.0,2,5,NoFrost,259.0,E,40,NoFrost,Inox
797.99,BOSCH,37.0,3,186.0,60.0,66.0,237.0,2,4,NoFrost,191.0,D,36,NoFrost,Blanco
1513.49,LG,78.0,3,179.0,91.0,74.0,405.0,2,4,NoFrost,419.0,E,39,NoFrost,Inox
1022.49,WINIA,78.0,3,179.0,90.0,66.98464912280701,334.0,2,4,NoFrost,397.0,F,40,NoFrost,Inox
699.49,LG,37.0,3,203.0,60.0,68.0,107.0,2,3,NoFrost,172.0,C,35,NoFrost,Blanco
408.45,ARISTON HOTPOINT,37.0,3,188.0,60.0,63.0,366.0,1,5,Cíclico,148.0,F,38,Cíclico,Inox
1061.49,SIEMENS,37.0,3,203.0,60.0,66.0,368.0,2,5,NoFrost,191.0,D,36,NoFrost,Inox
1026.99,BALAY,37.0,3,203.0,60.0,60.0,279.0,2,5,NoFrost,238.0,E,39,NoFrost,Gris
1244.49,SIEMENS,37.0,3,177.0,56.0,55.0,192.0,2,5,LowFrost,219.0,E,36,LowFrost,Inox
495.2,KROMSLINE,37.0,5,185.0,60.0,66.0,211.0,2,3,NoFrost,256.0,E,41,NoFrost,Inox
863.2,KROMSLINE,78.0,3,181.0,91.0,66.0,328.0,2,4,NoFrost,402.0,E,42,NoFrost,Inox
661.49,BOSCH,37.0,3,186.0,60.0,66.0,237.0,2,4,NoFrost,238.0,E,39,NoFrost,Blanco
740.0,LG,37.0,3,203.0,60.0,68.0,277.0,2,4,NoFrost,172.0,C,35,NoFrost,Inox
791.99,SIEMENS,37.0,3,203.0,60.0,66.0,279.0,2,5,NoFrost,238.0,E,39,NoFrost,Blanco
1092.49,BALAY,37.0,3,177.0,56.0,55.0,187.0,2,5,NoFrost,277.0,F,39,NoFrost,Blanco
591.49,LG,37.0,3,186.0,60.0,68.0,234.0,2,5,NoFrost,214.0,D,35,NoFrost,Inox
651.49,BALAY,37.0,3,186.0,60.0,65.0,346.0,1,7,Cíclico,116.0,E,39,Cíclico,AceroMate
903.2,KROMSLINE,78.0,5,184.0,75.0,69.0,259.0,4,3,NoFrost,331.0,F,42,NoFrost,Inox
730.65,SIEMENS,37.0,3,203.0,60.0,66.0,279.0,2,5,NoFrost,238.0,E,39,NoFrost,Blanco
847.49,BOSCH,37.0,3,186.0,60.0,65.0,346.0,1,7,Cíclico,116.0,E,39,Cíclico,Inox
519.49,INDESIT,37.0,3,203.0,60.0,68.0,263.0,2,4,NoFrost,254.0,E,39,NoFrost,Inox
481.49,BALAY,37.0,3,176.0,60.0,66.0,193.0,2,3,NoFrost,237.0,E,42,NoFrost,Inox
727.49,BOSCH,37.0,3,186.0,60.0,65.0,346.0,1,7,Cíclico,116.0,E,39,Cíclico,Blanco
341.49,BEKO,37.0,3,175.0,60.0,59.0,237.0,2,5,Cíclico,260.0,F,39,Cíclico,Blanco
781.49,BALAY,37.0,3,186.0,60.0,66.0,237.0,2,4,NoFrost,238.0,E,39,NoFrost,Blanco
416.49,TEKA,37.0,3,188.0,60.0,64.0,224.0,2,5,NoFrost,235.0,E,41,NoFrost,Blanco
850.49,BALAY,37.0,3,203.0,60.0,66.0,279.0,2,5,NoFrost,238.0,E,39,NoFrost,Blanco
794.49,BOSCH,37.0,3,203.0,60.0,66.0,279.0,2,5,NoFrost,191.0,D,36,NoFrost,Inox
644.99,ARISTON HOTPOINT,37.0,3,203.0,60.0,68.0,263.0,2,3,NoFrost,203.0,D,37,NoFrost,Inox
350.49,INDESIT,37.0,3,167.0,60.0,65.0,323.0,1,5,Cíclico,142.0,F,40,Cíclico,Blanco
451.99,FAGOR,37.0,3,186.0,60.0,60.0,206.0,2,4,NoFrost,239.0,E,38,NoFrost,Blanco
817.49,LG,37.0,3,203.0,60.0,66.98464912280701,263.1327623126338,2,4,NoFrost,228.83690987124464,D,38,NoFrost,Blanco
896.49,SIEMENS,37.0,3,186.0,60.0,65.0,346.0,1,7,Cíclico,116.0,E,39,Cíclico,Blanco
1150.49,LG,78.0,3,179.0,91.0,74.0,416.0,2,4,NoFrost,430.0,F,36,NoFrost,Inox
311.99,TEKA,37.0,3,176.0,60.0,55.0,225.0,2,4,Cíclico,260.0,F,41,Cíclico,Blanco
490.99,BEKO,37.0,3,204.0,60.0,66.0,249.0,2,5,Libre,212.0,E,35,NoFrost,Inox
639.0,SMEG,37.0,3,185.0,60.0,66.0,220.0,2,4,NoFrost,207.0,D,37,NoFrost,Inox
568.49,BEKO,37.0,3,194.0,54.0,55.0,215.0,2,4,Libre,279.0,F,38,NoFrost,Blanco
466.45,BEKO,37.0,3,204.0,60.0,66.0,249.0,2,5,Libre,212.0,E,35,NoFrost,Blanco
256.49,WINIA,37.0,3,161.0,54.0,66.98464912280701,201.0,2,5,Estático,223.0,F,40,Estático,Blanco
563.95,BEKO,37.0,3,178.0,54.0,55.0,185.0,2,3,Libre,224.0,E,38,NoFrost,Blanco
1008.99,LG,78.0,10,179.0,91.0,74.0,416.0,2,4,Libre,420.0,F,36,NoFrost,Inox
1708.49,LG,78.0,3,179.0,84.0,74.0,220.0,4,3,NoFrost,314.0,F,40,NoFrost,Inox
427.49,TEKA,37.0,3,188.0,60.0,64.0,224.0,2,5,NoFrost,235.0,E,41,NoFrost,Inox
503.2,KROMSLINE,37.0,5,195.0,60.0,66.0,235.0,2,3,NoFrost,262.0,E,41,NoFrost,Blanco
1130.99,BALAY,37.0,3,203.0,60.0,66.0,279.0,2,5,NoFrost,238.0,E,39,NoFrost,Negro
541.49,BALAY,37.0,3,186.0,60.0,65.0,346.0,1,7,Cíclico,116.0,E,39,Cíclico,Blanco
1060.49,BOSCH,37.0,3,203.0,70.0,67.0,330.0,2,5,NoFrost,259.0,E,40,NoFrost,Inox
699.49,LG,37.0,3,203.0,60.0,68.0,277.0,2,5,NoFrost,172.0,C,35,NoFrost,Blanco
580.49,LG,37.0,3,203.0,60.0,68.0,277.0,2,5,NoFrost,215.0,D,35,NoFrost,Inox
391.49,BEKO,37.0,3,185.0,60.0,66.0,402.0,1,6,Cíclico,153.0,F,38,Cíclico,Inox
650.99,BOSCH,37.0,3,203.0,60.0,66.0,279.0,2,5,NoFrost,238.0,E,39,NoFrost,Inox
1077.49,BOSCH,37.0,3,203.0,70.0,67.0,330.0,2,5,NoFrost,259.0,E,40,NoFrost,Blanco
736.49,BOSCH,37.0,3,203.0,60.0,66.0,279.0,2,5,NoFrost,191.0,D,36,NoFrost,Inox
498.49,BEKO,37.0,3,187.0,60.0,71.0,365.0,1,6,Libre,143.0,E,35,NoFrost,Blanco
2130.49,SIEMENS,37.0,3,177.0,56.0,55.0,156.0,2,3,Cíclico,201.0,D,37,Cíclico,Inox
1747.96,SMEG,78.0,3,182.0,91.0,0.0,376.0,4,3,NoFrost,406.0,F,39,NoFrost,Inox
351.49,BEKO,37.0,3,185.0,60.0,66.0,402.0,1,4,Cíclico,153.0,F,38,Cíclico,Blanco
525.49,BEKO,37.0,3,192.0,70.0,75.0,356.0,2,4,Libre,343.0,E,38,NoFrost,Blanco
729.0,LG,37.0,3,203.0,60.0,68.0,277.0,2,5,NoFrost,172.0,C,35,NoFrost,Inox
1581.99,LG,78.0,3,179.0,91.0,74.0,405.0,2,4,NoFrost,376.0,E,39,NoFrost,Inox
259.15,WINIA,37.0,3,143.0,55.0,66.98464912280701,198.0,2,4,Cíclico,234.0,F,40,Cíclico,Blanco
289.49,TEKA,37.0,3,159.0,55.0,55.0,194.0,2,4,Cíclico,221.0,F,40,Cíclico,Blanco
168.99,TEKA,37.0,3,180.4831223628692,63.72573839662447,66.98464912280701,263.1327623126338,2,4,Libre,228.83690987124464,E,38,NoFrost,Inox
883.99,BALAY,37.0,3,186.0,60.0,65.0,346.0,1,7,Estático,116.0,E,39,Estático,Inox
491.49,FAGOR,37.0,3,186.0,60.0,60.0,206.0,2,4,NoFrost,239.0,E,38,NoFrost,Inox
361.49,WINIA,37.0,3,186.0,60.0,66.98464912280701,207.0,2,4,NoFrost,299.0,F,41,NoFrost,Blanco
699.49,LG,37.0,3,203.0,60.0,68.0,277.0,2,4,NoFrost,215.0,D,35,NoFrost,Negro
2020.49,LG,78.0,3,179.0,91.0,74.0,416.0,2,4,NoFrost,348.0,E,36,NoFrost,Inox
539.49,BEKO,37.0,3,187.0,60.0,71.0,365.0,1,6,Libre,143.0,E,35,NoFrost,Inox
565.49,INDESIT,37.0,3,203.0,60.0,68.0,263.0,2,4,NoFrost,203.0,D,37,NoFrost,Inox
1427.94,SMEG,37.0,3,169.0,59.0,72.0,231.0,2,4,Cíclico,212.0,E,41,Cíclico,Verde
543.2,KROMSLINE,37.0,5,195.0,60.0,66.0,234.0,2,3,NoFrost,232.0,E,41,NoFrost,Inox
705.9,SMEG,37.0,3,200.0,60.0,66.0,255.0,2,5,NoFrost,211.0,D,37,NoFrost,Inox
735.49,EDESA,37.0,3,180.4831223628692,63.72573839662447,66.98464912280701,263.1327623126338,2,4,Libre,228.83690987124464,E,38,NoFrost,Inox
900.99,SIEMENS,37.0,3,203.0,60.0,66.0,279.0,2,5,NoFrost,238.0,E,39,NoFrost,Inox
2860.49,LG,78.0,3,179.0,91.0,74.0,365.0,4,3,NoFrost,450.0,F,40,NoFrost,Negro
426.49,INDESIT,37.0,3,189.0,60.0,66.0,230.0,2,4,Cíclico,248.0,E,40,Cíclico,Blanco
221.49,TEKA,37.0,3,143.0,55.0,55.0,163.0,2,4,Cíclico,221.0,F,40,Cíclico,Blanco
237.49,WINIA,37.0,3,165.0,55.0,66.98464912280701,198.0,2,4,Cíclico,234.0,F,40,Cíclico,Blanco
493.49,WINIA,37.0,3,201.0,60.0,66.98464912280701,266.0,2,5,NoFrost,313.0,F,41,NoFrost,Inox
773.99,BALAY,37.0,3,186.0,60.0,65.0,346.0,1,7,Cíclico,116.0,E,39,Cíclico,Inox
161.49,BEKO,37.0,3,82.0,48.0,50.0,88.0,1,3,Cíclico,106.0,F,40,Cíclico,Blanco
591.2,KROMSLINE,37.0,5,176.0,72.0,65.0,312.0,2,4,NoFrost,299.0,F,41,NoFrost,Blanco
589.2,LG,37.0,10,203.0,60.0,68.0,277.0,2,3,Libre,215.0,D,38,NoFrost,Inox
719.99,BEKO,78.0,3,179.0,91.0,71.0,368.0,2,5,Libre,327.0,E,38,NoFrost,Inox
351.75,INDESIT,37.0,3,188.0,60.0,63.0,368.0,1,6,Cíclico,148.0,F,38,Cíclico,Blanco
510.99,ARISTON HOTPOINT,37.0,3,191.0,60.0,68.0,239.0,2,4,NoFrost,253.0,E,40,NoFrost,Inox
360.49,ROMMER,37.0,3,143.0,55.0,56.0,237.0,1,5,Cíclico,129.0,F,40,Cíclico,Blanco
1022.49,LG,78.0,3,179.0,91.0,74.0,416.0,2,4,NoFrost,430.0,F,36,NoFrost,Inox
1156.49,LG,37.0,3,184.0,86.0,73.0,418.0,2,3,NoFrost,323.0,E,39,NoFrost,Inox
764.49,SIEMENS,37.0,3,186.0,60.0,66.0,237.0,2,4,NoFrost,238.0,E,39,NoFrost,Inox
702.49,LG,37.0,3,203.0,60.0,68.0,277.0,2,4,NoFrost,193.0,D,36,NoFrost,Inox
685.49,INDESIT,37.0,3,177.0,54.0,55.0,182.0,2,4,NoFrost,280.0,F,34,NoFrost,Blanco
803.49,BALAY,37.0,3,203.0,60.0,66.0,279.0,2,5,NoFrost,191.0,D,36,NoFrost,Inox
1079.55,BOSCH,37.0,3,203.0,60.0,66.0,279.0,2,5,NoFrost,273.0,E,39,NoFrost,Gris
498.49,WINIA,37.0,3,201.0,60.0,65.0,266.0,2,5,NoFrost,313.0,F,41,NoFrost,Blanco
711.2,KROMSLINE,37.0,5,201.0,60.0,63.0,250.0,2,5,NoFrost,240.0,E,41,NoFrost,Blanco
579.49,BEKO,37.0,3,192.0,70.0,75.0,386.0,2,3,Libre,343.0,E,38,NoFrost,Inox
631.2,KROMSLINE,37.0,5,176.0,72.0,66.0,312.0,2,4,NoFrost,299.0,F,41,NoFrost,Blanco
431.2,KROMSLINE,37.0,5,170.0,60.0,60.0,330.0,1,6,Cíclico,142.0,F,42,Cíclico,Inox
663.2,KROMSLINE,78.0,3,180.0,84.0,62.0,266.0,2,5,NoFrost,362.0,F,42,NoFrost,Inox
395.49,ARISTON HOTPOINT,37.0,3,188.0,60.0,63.0,366.0,1,5,Cíclico,114.0,F,38,Cíclico,Blanco
1360.49,BALAY,78.0,3,179.0,91.0,71.0,372.0,2,5,NoFrost,413.0,F,42,NoFrost,Inox
911.49,BEKO,37.0,3,183.0,84.0,75.0,387.0,2,4,Libre,378.0,F,38,NoFrost,Inox
639.2,KROMSLINE,37.0,5,188.0,60.0,63.0,219.0,2,5,NoFrost,232.0,E,41,NoFrost,Blanco
743.2,KROMSLINE,78.0,3,181.0,91.0,66.0,348.0,2,4,NoFrost,402.0,F,42,NoFrost,Inox
857.49,ARISTON HOTPOINT,37.0,3,196.0,70.0,78.0,302.0,2,3,NoFrost,360.0,F,41,NoFrost,Inox
711.2,KROMSLINE,37.0,5,201.0,60.0,63.0,250.0,2,5,NoFrost,240.0,E,41,NoFrost,Negro
576.49,ARISTON HOTPOINT,37.0,3,191.0,60.0,68.0,231.0,2,3,NoFrost,252.0,E,39,NoFrost,Inox
562.4,ARISTON HOTPOINT,37.0,3,189.0,60.0,68.0,234.0,2,4,NoFrost,271.0,E,40,NoFrost,Blanco
751.2,KROMSLINE,37.0,5,178.0,80.0,68.0,369.0,2,5,NoFrost,262.0,E,39,NoFrost,Inox
711.2,KROMSLINE,37.0,5,178.0,79.0,68.0,369.0,2,5,NoFrost,262.0,E,39,NoFrost,Blanco
836.49,SIEMENS,37.0,3,186.0,60.0,66.0,237.0,2,4,NoFrost,238.0,E,39,NoFrost,Inox
2135.99,BOSCH,78.0,3,179.0,91.0,71.0,372.0,2,5,NoFrost,413.0,F,42,NoFrost,Inox
639.2,KROMSLINE,37.0,5,188.0,60.0,63.0,219.0,2,5,NoFrost,232.0,E,41,NoFrost,Negro
1065.49,TEKA,37.0,3,180.4831223628692,63.72573839662447,66.98464912280701,263.1327623126338,2,4,Libre,228.83690987124464,E,38,NoFrost,Blanco
550.49,BALAY,37.0,3,176.0,60.0,66.0,193.0,2,3,NoFrost,237.0,E,42,NoFrost,Blanco
819.49,ARISTON HOTPOINT,37.0,3,196.0,70.0,76.0,309.0,2,3,NoFrost,233.0,D,40,NoFrost,Inox
507.49,TEKA,37.0,3,171.0,60.0,66.0,367.0,1,5,Cíclico,148.0,F,38,Cíclico,Blanco
1354.49,SMEG,37.0,3,153.0,60.0,73.0,244.0,1,3,Cíclico,130.0,D,35,Cíclico,Rojo
1947.44,SMEG,37.0,3,153.0,60.0,73.0,244.0,1,3,Cíclico,130.0,D,35,Cíclico,Inox
1693.33,SMEG,37.0,3,153.0,60.0,73.0,244.0,1,3,Cíclico,130.0,D,35,Cíclico,Inox
939.99,BOSCH,37.0,3,178.0,56.0,55.0,319.0,1,7,Cíclico,115.0,E,37,Cíclico,Inox
631.4,SMEG,37.0,3,185.0,60.0,59.0,204.0,2,3,NoFrost,242.0,E,38,NoFrost,Blanco
1545.99,BOSCH,37.0,3,203.0,60.0,67.0,260.0,2,5,NoFrost,129.0,B,33,NoFrost,Inox
230.99,TEKA,37.0,3,85.0,55.0,57.0,133.0,1,3,Cíclico,113.0,F,39,Cíclico,Blanco
416.49,INDESIT,37.0,3,167.0,60.0,65.0,323.0,1,5,Cíclico,142.0,F,40,Cíclico,Inox
433.95,ROMMER,37.0,3,181.0,54.0,60.0,204.0,2,4,Estático,280.0,F,40,Estático,Blanco
1027.49,BALAY,37.0,3,203.0,60.0,67.0,260.0,2,5,NoFrost,162.0,C,35,NoFrost,Blanco
668.39,SMEG,37.0,3,200.0,60.0,59.0,235.0,2,4,NoFrost,246.0,E,38,NoFrost,Blanco
2016.54,SMEG,37.0,3,182.0,91.0,71.0,376.0,4,3,NoFrost,406.0,F,39,NoFrost,Blanco
1354.49,SMEG,37.0,3,153.0,60.0,77.0,244.0,1,3,Cíclico,130.0,D,35,Cíclico,Amarillo
671.2,BOSCH,37.0,3,186.0,60.0,66.0,237.0,2,4,NoFrost,260.0,E,39,NoFrost,Blanco
1157.49,BOSCH,37.0,3,186.0,60.0,66.0,237.0,2,4,NoFrost,153.0,C,36,NoFrost,Inox
553.49,BALAY,37.0,3,176.0,60.0,66.0,193.0,2,3,NoFrost,237.0,E,42,NoFrost,Blanco
1608.61,SMEG,37.0,3,172.0,60.0,77.0,222.0,2,3,Cíclico,168.0,D,37,Cíclico,Lima
1354.49,SMEG,37.0,3,153.0,60.0,77.0,244.0,1,3,Cíclico,130.0,D,35,Cíclico,Plata
1354.49,SMEG,37.0,3,153.0,60.0,77.0,244.0,1,3,Cíclico,130.0,D,35,Cíclico,Rojo
583.49,INDESIT,37.0,3,177.0,54.0,55.0,194.0,2,4,Cíclico,283.0,F,35,Cíclico,Blanco
299.49,ROMMER,37.0,3,144.0,55.0,57.0,171.0,2,4,Cíclico,222.0,F,40,Cíclico,Inox
502.49,ROMMER,37.0,3,181.0,54.0,60.0,195.0,2,3,Cíclico,224.0,E,43,Cíclico,Inox
1620.49,ARISTON HOTPOINT,78.0,3,179.0,90.0,75.0,339.0,2,4,NoFrost,430.0,E,40,NoFrost,Inox
1608.61,SMEG,37.0,3,172.0,59.0,77.0,222.0,2,3,Cíclico,168.0,D,37,Cíclico,Naranja
548.75,ROMMER,37.0,3,186.0,60.0,65.0,230.0,2,4,NoFrost,250.0,E,41,NoFrost,Inox
546.49,BALAY,37.0,3,176.0,60.0,66.0,193.0,2,3,NoFrost,237.0,E,42,NoFrost,Blanco
1947.44,SMEG,37.0,3,197.0,60.0,77.0,234.0,2,4,NoFrost,127.0,D,37,NoFrost,Gris
322.49,INDESIT,37.0,3,84.0,54.0,60.0,105.0,1,2,Cíclico,180.0,F,38,Cíclico,Blanco
267.99,ROMMER,37.0,3,144.0,54.0,57.0,171.0,2,4,Cíclico,212.0,F,40,Cíclico,Blanco
1354.49,SMEG,37.0,3,153.0,60.0,73.0,244.0,1,3,Cíclico,130.0,E,35,Cíclico,Verde
1354.49,SMEG,37.0,3,153.0,60.0,73.0,244.0,1,3,Cíclico,130.0,D,35,Cíclico,Naranja
1354.49,SMEG,37.0,3,153.0,60.0,73.0,244.0,1,3,Cíclico,130.0,D,35,Cíclico,Negro
896.49,TEKA,37.0,3,201.0,60.0,65.0,266.0,2,4,NoFrost,200.0,D,42,NoFrost,Inox
1608.61,SMEG,37.0,3,172.0,60.0,77.0,222.0,2,4,Cíclico,168.0,D,37,Cíclico,Plata
913.49,BALAY,37.0,3,203.0,60.0,66.0,279.0,2,5,NoFrost,191.0,D,36,NoFrost,Blanco
930.98,SMEG,37.0,3,177.0,55.0,55.0,311.0,1,6,Cíclico,143.0,F,34,Cíclico,Inox
981.49,BOSCH,37.0,3,203.0,60.0,66.0,279.0,2,5,NoFrost,191.0,D,36,NoFrost,Blanco
1016.99,BOSCH,37.0,3,203.0,60.0,66.0,279.0,2,5,NoFrost,238.0,E,39,NoFrost,Inox
961.49,BALAY,37.0,3,203.0,60.0,66.0,279.0,2,5,NoFrost,228.83690987124464,D,36,NoFrost,Negro
1947.44,SMEG,37.0,3,197.0,60.0,77.0,234.0,2,4,NoFrost,204.0,D,37,NoFrost,Crema
405.99,ROMMER,37.0,3,171.0,54.0,60.0,184.0,2,3,Estático,277.0,F,40,Estático,Blanco
1947.44,SMEG,37.0,3,197.0,60.0,77.0,234.0,2,4,NoFrost,204.0,D,37,NoFrost,Blanco
1354.49,SMEG,37.0,3,153.0,60.0,73.0,244.0,1,3,Cíclico,130.0,D,35,Cíclico,Crema
1569.49,BOSCH,37.0,3,203.0,60.0,67.0,260.0,2,5,NoFrost,162.0,C,35,NoFrost,Negro
1263.85,BALAY,37.0,3,177.0,56.0,55.0,184.0,2,4,Libre,186.0,D,35,NoFrost,Blanco
1608.61,SMEG,37.0,3,172.0,60.0,77.0,222.0,2,3,Cíclico,168.0,D,37,Cíclico,Azul
1100.49,BOSCH,37.0,3,203.0,60.0,66.0,279.0,2,5,NoFrost,238.0,E,39,NoFrost,Azul
585.49,ROMMER,37.0,3,186.0,60.0,65.0,230.0,2,3,NoFrost,250.0,E,41,NoFrost,Blanco
303.49,ROMMER,37.0,3,161.0,54.0,57.0,201.0,2,4,Estático,243.0,F,38,Estático,Blanco
922.99,TEKA,37.0,3,201.0,60.0,66.0,266.0,2,5,NoFrost,250.0,E,42,NoFrost,Blanco
309.49,ROMMER,37.0,3,129.0,48.0,49.0,90.0,2,3,Estático,227.0,F,41,Estático,Blanco
1630.85,BOSCH,37.0,3,203.0,60.0,67.0,260.0,2,5,NoFrost,129.0,B,33,NoFrost,Gris
1161.49,BALAY,37.0,3,203.0,60.0,66.0,279.0,2,5,NoFrost,191.0,D,36,NoFrost,Antracita
1451.49,BALAY,37.0,3,203.0,60.0,67.0,206.0,2,3,NoFrost,162.0,C,35,NoFrost,Negro
2972.35,LG,78.0,3,179.0,91.0,74.0,416.0,3,3,NoFrost,350.0,E,36,NoFrost,Inox
510.49,BALAY,37.0,3,176.0,60.0,66.0,193.0,2,3,NoFrost,237.0,E,42,NoFrost,Inox
1342.49,TEKA,78.0,3,177.0,90.0,71.0,335.0,2,4,NoFrost,400.0,F,41,NoFrost,Negro
1608.61,SMEG,37.0,3,172.0,60.0,76.0,222.0,2,4,Cíclico,168.0,D,37,Cíclico,Blanco
807.45,BALAY,37.0,3,186.0,60.0,70.0,237.0,2,4,NoFrost,191.0,D,36,NoFrost,Inox
758.35,ARISTON HOTPOINT,37.0,3,203.0,60.0,68.0,263.0,2,3,NoFrost,228.83690987124464,D,37,NoFrost,Inox
1693.33,SMEG,37.0,3,153.0,60.0,73.0,244.0,1,3,Cíclico,130.0,D,35,Cíclico,Inox
1589.49,TEKA,78.0,3,190.0,83.0,65.0,341.0,4,3,NoFrost,305.0,E,40,NoFrost,Negro
1735.49,ARISTON HOTPOINT,78.0,3,179.0,90.0,75.0,335.0,2,4,NoFrost,400.0,F,40,NoFrost,Negro
2406.99,BOSCH,78.0,3,179.0,91.0,71.0,371.0,2,5,NoFrost,404.0,F,42,NoFrost,Inox
339.49,ROMMER,37.0,3,161.0,54.0,57.0,201.0,2,4,Estático,223.0,F,40,Estático,Inox
850.49,ROMMER,37.0,3,199.0,60.0,61.0,373.0,1,6,Cíclico,936.0,E,38,Cíclico,Plata
1608.61,SMEG,37.0,3,172.0,60.0,73.0,222.0,2,3,Cíclico,168.0,D,38,Cíclico,Crema
1354.49,SMEG,37.0,3,153.0,60.0,73.0,244.0,1,3,Cíclico,130.0,D,35,Cíclico,Amarillo
871.49,BALAY,37.0,3,203.0,60.0,66.0,279.0,2,5,NoFrost,238.0,E,39,NoFrost,Inox
1061.49,BALAY,37.0,3,203.0,60.0,67.0,260.0,2,5,NoFrost,162.0,E,35,NoFrost,Blanco
484.4,ROMMER,37.0,3,181.0,54.0,60.0,204.0,2,4,Estático,280.0,F,40,Estático,Inox
1354.49,SMEG,37.0,3,153.0,60.0,73.0,244.0,1,3,Cíclico,130.0,D,35,Cíclico,Plata
2022.82,SMEG,37.0,3,182.0,91.0,71.0,376.0,2,3,NoFrost,406.0,F,38,NoFrost,Negro
2243.93,SMEG,37.0,3,192.0,80.0,81.0,400.0,2,3,NoFrost,265.0,E,41,NoFrost,Azul
861.49,BOSCH,37.0,3,203.0,60.0,66.0,279.0,2,5,NoFrost,191.0,D,36,NoFrost,Blanco
632.49,INDESIT,37.0,3,203.0,60.0,68.0,263.0,2,4,NoFrost,254.0,E,38,NoFrost,Inox
1560.49,BOSCH,37.0,3,177.0,56.0,55.0,187.0,2,5,Cíclico,277.0,F,39,Cíclico,Blanco
1947.44,SMEG,37.0,3,197.0,60.0,77.0,234.0,1,4,NoFrost,204.0,D,37,NoFrost,Rojo
651.99,BALAY,37.0,3,177.0,54.0,55.0,183.0,2,4,Cíclico,286.0,F,39,Cíclico,Blanco
458.49,INDESIT,37.0,3,150.0,60.0,66.0,200.0,2,4,Cíclico,246.0,F,45,Cíclico,Inox
2389.49,LG,78.0,3,179.0,91.0,74.0,416.0,2,4,NoFrost,348.0,E,36,NoFrost,Inox
710.49,BALAY,37.0,3,186.0,60.0,66.0,237.0,2,4,NoFrost,238.0,E,39,NoFrost,Inox
3943.18,SMEG,37.0,3,187.0,92.0,76.0,385.0,4,4,NoFrost,415.0,F,39,NoFrost,Antracita
851.49,BOSCH,37.0,3,203.0,60.0,66.0,278.0,2,4,NoFrost,238.0,E,39,NoFrost,Inox
1354.49,SMEG,37.0,3,153.0,60.0,73.0,244.0,1,3,Cíclico,130.0,D,35,Cíclico,Crema
2224.49,BOSCH,37.0,3,183.0,91.0,73.0,405.0,4,3,NoFrost,333.0,E,38,NoFrost,Inox
508.85,ROMMER,37.0,3,172.0,60.0,66.0,240.0,2,4,NoFrost,273.0,F,41,NoFrost,Blanco
731.49,CATA,37.0,3,177.0,54.0,56.0,263.1327623126338,2,4,NoFrost,241.0,F,41,NoFrost,Blanco
1097.49,BALAY,37.0,3,203.0,60.0,67.0,260.0,2,5,NoFrost,162.0,C,35,NoFrost,Inox
1468.49,BOSCH,37.0,3,193.0,70.0,80.0,400.0,2,4,NoFrost,210.0,D,39,NoFrost,Inox
662.49,BOSCH,37.0,3,122.0,54.0,55.0,204.0,1,5,Cíclico,101.0,E,35,Cíclico,Inox
756.15,ROMMER,37.0,3,83.0,45.0,51.0,88.0,1,4,Libre,329.0,C,38,NoFrost,Inox
1354.49,SMEG,37.0,3,153.0,60.0,73.0,244.0,1,3,Cíclico,130.0,D,38,Cíclico,Blanco
469.49,INDESIT,37.0,3,175.0,60.0,66.0,236.0,2,5,Cíclico,266.0,E,44,Cíclico,Blanco
892.06,SMEG,37.0,3,200.0,60.0,59.0,263.1327623126338,2,4,NoFrost,169.0,C,38,NoFrost,Inox
1261.49,BOSCH,37.0,3,203.0,60.0,67.0,260.0,2,5,NoFrost,162.0,C,35,NoFrost,Inox
481.49,ROMMER,37.0,3,175.0,60.0,0.0,242.0,2,3,Cíclico,261.0,F,42,Cíclico,Inox
779.49,BALAY,37.0,3,203.0,60.0,66.0,279.0,2,5,NoFrost,238.0,E,39,NoFrost,Blanco
781.99,TEKA,37.0,3,177.0,54.0,55.0,180.0,2,4,NoFrost,218.0,E,41,NoFrost,Blanco
1134.49,LG,78.0,3,179.0,91.0,74.0,416.0,2,5,NoFrost,430.0,F,36,NoFrost,Inox
1380.99,LG,78.0,3,179.0,84.0,74.0,321.0,4,3,NoFrost,394.0,F,40,NoFrost,Inox
1074.99,BOSCH,37.0,3,203.0,60.0,66.0,279.0,2,5,NoFrost,238.0,E,39,NoFrost,Verde
736.15,BALAY,37.0,3,186.0,60.0,70.0,237.0,2,4,NoFrost,191.0,D,36,NoFrost,Blanco
1297.99,BOSCH,37.0,3,203.0,60.0,67.0,260.0,2,5,NoFrost,162.0,C,35,NoFrost,Blanco
740.49,LG,37.0,3,203.0,60.0,68.0,277.0,2,5,NoFrost,215.0,D,35,NoFrost,Negro
811.49,BALAY,37.0,3,203.0,60.0,66.0,279.0,2,5,NoFrost,238.0,E,39,NoFrost,Inox
2336.99,BOSCH,37.0,3,203.0,60.0,67.0,260.0,2,5,NoFrost,104.0,A,29,NoFrost,Inox
810.49,BALAY,37.0,3,186.0,60.0,66.0,237.0,2,4,NoFrost,238.0,E,39,NoFrost,Inox
582.9,CATA,37.0,3,177.0,54.0,54.0,263.1327623126338,2,4,Cíclico,271.0,F,39,Cíclico,Blanco
1669.49,TEKA,78.0,3,180.4831223628692,63.72573839662447,66.98464912280701,263.1327623126338,2,4,Libre,228.83690987124464,E,38,NoFrost,Inox
1040.49,BOSCH,37.0,3,186.0,60.0,66.0,237.0,2,4,NoFrost,153.0,C,36,NoFrost,Blanco
1608.61,SMEG,37.0,3,172.0,60.0,77.0,222.0,2,3,Cíclico,168.0,D,36,Cíclico,Rojo
1671.49,LG,78.0,3,179.0,91.0,74.0,416.0,2,4,NoFrost,349.0,D,36,NoFrost,Inox
1354.49,SMEG,37.0,3,153.0,60.0,77.0,244.0,1,3,Cíclico,130.0,D,35,Cíclico,Verde
2685.26,SMEG,37.0,3,196.0,70.0,75.0,344.0,2,5,NoFrost,285.0,E,41,NoFrost,Crema
684.99,TEKA,78.0,3,185.0,60.0,62.0,362.0,1,6,NoFrost,118.0,E,41,NoFrost,Inox
243.85,ROMMER,37.0,3,85.0,58.0,59.0,106.0,1,2,Estático,170.0,F,40,Estático,Blanco
1947.44,SMEG,37.0,3,197.0,60.0,73.0,234.0,2,3,NoFrost,204.0,D,37,NoFrost,Rosa
1593.49,BOSCH,37.0,3,200.0,70.0,67.0,311.0,2,4,NoFrost,178.0,C,35,NoFrost,Negro
625.99,BALAY,37.0,3,186.0,60.0,66.0,216.0,2,4,NoFrost,239.0,E,42,NoFrost,AceroMate
2074.49,LG,78.0,3,179.0,91.0,74.0,416.0,3,4,NoFrost,348.0,E,36,NoFrost,Inox
1461.49,BOSCH,37.0,3,186.0,86.0,81.0,479.0,2,3,NoFrost,307.0,E,40,NoFrost,Inox
1407.49,TEKA,37.0,3,179.0,90.0,77.0,334.0,2,4,NoFrost,317.0,E,41,NoFrost,Inox
1947.44,SMEG,37.0,3,197.0,60.0,73.0,234.0,2,3,NoFrost,204.0,D,37,NoFrost,Verde
1608.61,SMEG,37.0,3,172.0,60.0,77.0,222.0,2,3,Cíclico,168.0,D,37,Cíclico,Plata
1281.99,BOSCH,37.0,3,177.0,54.0,55.0,184.0,2,3,NoFrost,234.0,E,35,NoFrost,Blanco
1608.61,SMEG,37.0,3,172.0,60.0,77.0,222.0,1,4,Cíclico,168.0,D,37,Cíclico,Naranja
975.49,BALAY,37.0,3,186.0,60.0,66.0,237.0,2,4,NoFrost,153.0,C,36,NoFrost,Inox
1027.49,BALAY,37.0,3,203.0,70.0,67.0,330.0,2,5,NoFrost,259.0,E,40,NoFrost,Blanco
1354.49,SMEG,37.0,3,153.0,60.0,77.0,244.0,2,3,Cíclico,130.0,D,35,Cíclico,Naranja
590.35,BALAY,37.0,3,123.0,56.0,55.0,204.0,1,4,Libre,101.0,E,35,NoFrost,Blanco
569.15,ROMMER,37.0,3,172.0,60.0,66.0,240.0,2,3,NoFrost,273.0,F,41,NoFrost,Inox
1947.44,SMEG,37.0,3,197.0,60.0,77.0,234.0,2,4,NoFrost,204.0,D,37,NoFrost,Rosa
1387.49,BOSCH,37.0,3,203.0,70.0,67.0,330.0,2,5,NoFrost,207.0,D,36,NoFrost,Inox
1947.44,SMEG,37.0,3,197.0,60.0,77.0,234.0,2,4,NoFrost,204.0,D,37,NoFrost,Azul
1354.49,SMEG,37.0,3,153.0,60.0,73.0,244.0,1,3,Cíclico,130.0,D,35,Cíclico,Negro
1608.61,SMEG,37.0,3,172.0,60.0,77.0,222.0,2,3,Cíclico,168.0,D,37,Cíclico,Rosa
1211.49,BOSCH,37.0,3,203.0,60.0,67.0,206.0,2,5,NoFrost,162.0,C,35,NoFrost,Blanco
1365.49,BOSCH,37.0,3,203.0,60.0,67.0,260.0,2,5,NoFrost,129.0,B,33,NoFrost,Inox
300.85,ROMMER,37.0,3,162.0,58.0,58.0,197.0,2,3,Estático,228.0,E,42,Estático,Blanco
1608.61,SMEG,37.0,3,172.0,60.0,77.0,222.0,2,3,Cíclico,168.0,D,37,Cíclico,Blanco
1329.49,BOSCH,37.0,3,186.0,60.0,65.0,309.0,1,5,Cíclico,122.0,D,41,Cíclico,Inox
777.49,LG,37.0,3,200.0,60.0,68.0,277.0,2,4,NoFrost,172.0,C,35,NoFrost,Antracita
3943.18,SMEG,37.0,3,187.0,92.0,76.0,385.0,4,4,NoFrost,415.0,F,39,NoFrost,Crema
702.49,LG,37.0,3,186.0,60.0,68.0,234.0,2,3,NoFrost,171.0,C,35,NoFrost,Blanco
647.49,TEKA,37.0,3,201.0,60.0,63.0,245.0,2,6,NoFrost,231.0,E,41,NoFrost,Blanco
1608.61,SMEG,37.0,3,172.0,60.0,79.0,222.0,2,4,Cíclico,167.0,D,37,Cíclico,Negro
593.99,TEKA,37.0,3,178.0,54.0,55.0,193.0,2,3,Cíclico,225.0,E,35,Cíclico,Blanco
1061.49,BALAY,37.0,3,186.0,60.0,66.0,237.0,2,4,NoFrost,191.0,D,36,NoFrost,Antracita
1947.44,SMEG,37.0,3,197.0,60.0,77.0,234.0,2,4,NoFrost,204.0,D,37,NoFrost,Naranja
2201.57,SMEG,37.0,3,153.0,60.0,77.0,244.0,1,3,Cíclico,130.0,E,38,Cíclico,Inox
1611.49,BOSCH,37.0,3,186.0,86.0,81.0,479.0,2,3,NoFrost,246.0,D,39,NoFrost,Inox
1065.49,TEKA,37.0,3,192.0,70.0,72.0,333.0,2,4,NoFrost,287.0,E,41,NoFrost,Negro
384.99,ROMMER,37.0,3,175.0,60.0,60.0,242.0,2,4,Cíclico,261.0,F,42,Cíclico,Blanco
1015.66,SMEG,37.0,3,73.0,40.0,57.0,34.0,1,2,Cíclico,61.0,D,40,Cíclico,Inox
923.49,TEKA,37.0,3,201.0,60.0,66.0,266.0,2,5,NoFrost,250.0,E,42,NoFrost,Negro
862.49,BALAY,37.0,3,186.0,60.0,66.0,237.0,2,4,NoFrost,153.0,C,36,NoFrost,Blanco
472.49,LG,37.0,3,152.0,56.0,59.0,165.0,2,3,NoFrost,184.0,F,39,NoFrost,Inox
869.49,LG,37.0,3,185.0,71.0,74.0,329.0,2,4,NoFrost,282.0,E,41,NoFrost,Inox
1261.49,BOSCH,37.0,3,193.0,70.0,80.0,400.0,2,4,NoFrost,262.0,E,40,NoFrost,Blanco
734.99,BOSCH,37.0,3,186.0,60.0,66.0,237.0,2,4,NoFrost,238.0,E,39,NoFrost,Inox
1069.49,BALAY,37.0,3,177.0,56.0,55.0,184.0,2,3,Cíclico,234.0,E,35,Cíclico,Blanco
969.49,TEKA,37.0,3,192.0,70.0,71.0,333.0,2,4,NoFrost,287.0,E,41,NoFrost,Inox
1137.49,BALAY,37.0,3,203.0,60.0,67.0,260.0,2,5,NoFrost,162.0,C,35,NoFrost,Inox
1947.44,SMEG,37.0,3,197.0,60.0,77.0,234.0,2,4,NoFrost,204.0,D,38,NoFrost,Crema
536.49,INDESIT,37.0,3,189.0,60.0,66.0,223.0,2,4,NoFrost,312.0,E,42,NoFrost,Inox
935.49,BOSCH,37.0,3,203.0,60.0,66.0,279.0,2,4,NoFrost,238.0,E,39,NoFrost,Inox
404.2,ROMMER,37.0,3,143.0,55.0,56.0,242.0,1,4,Estático,130.0,F,40,Estático,Inox
1693.33,SMEG,37.0,3,153.0,60.0,73.0,244.0,1,3,Estático,130.0,D,35,Estático,Inox
2771.49,BOSCH,78.0,3,179.0,91.0,71.0,369.0,2,5,NoFrost,323.0,E,42,NoFrost,Inox
2349.49,BOSCH,37.0,3,183.0,91.0,73.0,405.0,4,4,NoFrost,333.0,E,38,NoFrost,Inox
952.49,LG,37.0,3,185.0,70.0,74.0,329.0,2,3,NoFrost,282.0,E,41,NoFrost,Inox
1078.49,BALAY,37.0,3,203.0,60.0,66.0,279.0,2,5,NoFrost,191.0,D,36,NoFrost,Blanco
541.99,BALAY,37.0,3,186.0,60.0,66.0,216.0,2,4,NoFrost,239.0,E,42,NoFrost,Blanco
847.49,BALAY,37.0,3,177.0,56.0,55.0,184.0,2,4,Cíclico,293.0,F,39,Cíclico,Blanco
912.43,SMEG,37.0,3,177.0,55.0,55.0,193.0,2,5,Cíclico,228.83690987124464,F,36,Cíclico,Blanco
1608.61,SMEG,37.0,3,172.0,59.0,77.0,222.0,2,4,Cíclico,168.0,D,37,Cíclico,Rojo
2520.49,LG,78.0,3,179.0,91.0,74.0,368.0,4,3,NoFrost,365.0,E,40,NoFrost,Inox
565.49,TEKA,37.0,3,171.0,60.0,66.0,367.0,1,5,Defrost,148.0,F,38,Defrost,Inox
1074.99,BOSCH,37.0,3,203.0,60.0,66.0,279.0,2,5,NoFrost,238.0,E,39,NoFrost,Marrón
1582.49,TEKA,78.0,3,190.0,83.0,69.0,304.0,4,3,NoFrost,314.0,E,41,NoFrost,Inox
2243.93,SMEG,37.0,3,192.0,80.0,85.0,400.0,2,3,NoFrost,265.0,E,41,NoFrost,Crema
2381.49,LG,78.0,3,179.0,84.0,74.0,288.0,4,3,NoFrost,393.0,F,40,NoFrost,Negro
376.69,SMEG,37.0,3,84.0,54.0,59.0,101.0,1,2,Estático,137.0,E,36,Estático,Blanco
1211.49,BOSCH,37.0,3,203.0,61.0,67.0,260.0,2,5,NoFrost,162.0,C,35,NoFrost,Inox
1693.33,SMEG,37.0,3,153.0,60.0,73.0,244.0,1,3,Estático,130.0,D,35,Estático,Inox
294.99,ROMMER,37.0,3,123.0,55.0,57.0,176.0,1,4,Estático,179.0,F,40,Estático,Blanco
1411.49,BOSCH,37.0,3,203.0,60.0,67.0,260.0,2,5,NoFrost,162.0,C,35,NoFrost,Inox
1138.49,TEKA,37.0,3,180.4831223628692,63.72573839662447,77.0,335.0,2,4,NoFrost,401.0,F,41,NoFrost,Inox
858.77,SMEG,37.0,3,185.0,60.0,59.0,220.0,2,3,NoFrost,165.0,C,35,NoFrost,Inox
530.49,INDESIT,37.0,3,189.0,60.0,66.0,223.0,2,4,NoFrost,312.0,E,42,NoFrost,Blanco
1947.44,SMEG,37.0,3,197.0,60.0,77.0,234.0,2,4,NoFrost,204.0,D,37,NoFrost,Negro
1800.49,LG,78.0,3,179.0,84.0,74.0,288.0,4,3,NoFrost,393.0,F,40,NoFrost,Negro
1608.61,SMEG,37.0,3,172.0,60.0,76.0,222.0,2,4,Cíclico,168.0,D,36,Cíclico,Rosa
684.49,TEKA,37.0,3,178.0,54.0,55.0,309.0,1,4,NoFrost,142.0,F,36,NoFrost,Inox
728.49,LG,78.0,3,186.0,60.0,71.0,386.0,1,5,NoFrost,121.0,E,38,NoFrost,Blanco
805.49,BOSCH,37.0,3,176.0,60.0,65.0,324.0,1,7,Cíclico,113.0,E,39,Cíclico,Blanco
1157.49,BALAY,37.0,3,203.0,60.0,67.0,260.0,2,3,NoFrost,129.0,B,33,NoFrost,Inox
1168.99,LG,78.0,3,179.0,91.0,74.0,416.0,2,4,NoFrost,420.0,F,36,NoFrost,Blanco
944.99,TEKA,37.0,3,179.0,90.0,77.0,335.0,2,4,NoFrost,401.0,F,41,NoFrost,Blanco
937.99,BOSCH,37.0,3,176.0,60.0,65.0,324.0,1,7,Cíclico,113.0,E,39,Cíclico,Inox
2610.99,BOSCH,78.0,3,179.0,91.0,71.0,371.0,2,5,NoFrost,323.0,E,42,NoFrost,Inox
2685.26,SMEG,37.0,3,196.0,70.0,75.0,344.0,2,5,NoFrost,285.0,E,41,NoFrost,Antracita
2350.9,LG,37.0,3,178.0,84.0,73.0,286.0,2,3,NoFrost,397.0,F,40,NoFrost,Inox
875.49,BOSCH,37.0,3,186.0,60.0,66.0,237.0,2,4,NoFrost,238.0,E,39,NoFrost,Inox
416.49,INDESIT,37.0,3,150.0,60.0,66.0,200.0,2,4,LowFrost,246.0,F,45,LowFrost,Inox
400.49,TEKA,37.0,3,82.0,60.0,55.0,128.0,1,3,Defrost,92.0,E,35,Defrost,Blanco
1354.49,SMEG,37.0,3,153.0,60.0,74.0,244.0,1,3,Cíclico,130.0,D,35,Cíclico,Blanco
846.23,SMEG,37.0,3,73.0,40.0,57.0,34.0,1,2,Estático,61.0,D,40,Estático,Inox
1253.49,LG,78.0,3,179.0,91.0,74.0,416.0,2,4,NoFrost,350.0,E,36,NoFrost,Inox
1947.44,SMEG,37.0,3,197.0,60.0,77.0,234.0,2,4,NoFrost,204.0,D,37,NoFrost,Naranja
1947.44,SMEG,37.0,3,197.0,60.0,77.0,234.0,2,4,NoFrost,204.0,D,37,NoFrost,Gris
1982.37,SMEG,37.0,3,182.0,91.0,71.0,376.0,4,3,NoFrost,406.0,F,39,NoFrost,Inox
736.49,LG,37.0,3,186.0,60.0,62.0,234.0,2,3,NoFrost,171.0,C,35,NoFrost,Inox
1409.49,BALAY,37.0,3,203.0,60.0,67.0,260.0,2,5,NoFrost,162.0,C,35,NoFrost,Blanco
1346.49,BOSCH,37.0,3,186.0,60.0,65.0,346.0,1,7,Cíclico,93.0,D,39,Cíclico,Inox
1608.61,SMEG,37.0,3,172.0,60.0,77.0,222.0,2,3,Cíclico,168.0,D,37,Cíclico,Crema
1086.49,BALAY,37.0,3,186.0,60.0,66.0,237.0,2,4,NoFrost,191.0,D,36,NoFrost,Blanco
1080.49,BOSCH,37.0,3,203.0,60.0,66.0,279.0,2,5,NoFrost,238.0,E,39,NoFrost,Gris
483.99,ROMMER,37.0,3,186.0,60.0,60.0,207.0,2,3,NoFrost,299.0,F,41,NoFrost,Blanco
414.49,LG,37.0,3,152.0,56.0,59.0,165.0,2,3,NoFrost,184.0,F,39,NoFrost,Blanco
1608.61,SMEG,37.0,3,172.0,61.0,77.0,222.0,1,4,Cíclico,168.0,D,37,Cíclico,Negro
1447.49,BALAY,37.0,3,203.0,60.0,67.0,103.0,2,5,NoFrost,162.0,C,35,NoFrost,Antracita
1396.85,SMEG,37.0,3,98.0,55.0,70.0,105.0,1,2,Estático,142.0,E,37,Estático,Blanco
2685.26,SMEG,37.0,3,196.0,70.0,75.0,344.0,2,5,NoFrost,285.0,E,41,NoFrost,Antracita
1074.99,BOSCH,37.0,3,203.0,60.0,66.0,279.0,2,5,NoFrost,238.0,E,39,NoFrost,Marrón
1354.49,SMEG,37.0,3,153.0,60.0,73.0,244.0,1,3,Estático,130.0,D,35,Estático,Azul
533.49,BOSCH,37.0,3,176.0,60.0,66.0,193.0,2,3,NoFrost,237.0,E,59,NoFrost,Blanco
1693.33,SMEG,37.0,3,153.0,60.0,73.0,26.0,1,3,Cíclico,130.0,D,35,Cíclico,Inox
583.25,INDESIT,37.0,3,191.0,70.0,72.0,320.0,2,4,NoFrost,296.0,F,44,NoFrost,Inox
921.49,LG,37.0,3,203.0,60.0,68.0,277.0,2,5,NoFrost,215.0,D,35,NoFrost,Inox
1279.99,BOSCH,37.0,3,203.0,60.0,66.0,279.0,2,5,NoFrost,191.0,D,36,NoFrost,Inox
1481.65,BOSCH,37.0,3,203.0,60.0,67.0,260.0,2,5,NoFrost,129.0,B,33,NoFrost,Inox
930.94,SMEG,37.0,3,97.0,55.0,66.0,105.0,1,2,Estático,142.0,E,37,Estático,Crema
1261.49,LG,78.0,3,179.0,179.0,74.0,416.0,2,4,NoFrost,350.0,E,36,NoFrost,Blanco
648.49,INDESIT,37.0,3,191.0,60.0,68.0,231.0,2,4,NoFrost,201.0,D,37,NoFrost,Inox
1947.44,SMEG,37.0,3,197.0,60.0,77.0,234.0,2,4,NoFrost,204.0,D,37,NoFrost,Blanco
1947.44,SMEG,37.0,3,197.0,60.0,77.0,234.0,2,4,NoFrost,204.0,D,37,NoFrost,Lima
916.49,BOSCH,37.0,3,203.0,60.0,66.0,279.0,2,5,NoFrost,238.0,E,39,NoFrost,Blanco
930.94,SMEG,37.0,3,97.0,55.0,66.0,105.0,1,2,Estático,142.0,E,37,Estático,Negro
1074.99,BOSCH,37.0,3,203.0,60.0,66.0,279.0,2,5,NoFrost,238.0,E,39,NoFrost,Gris
867.49,BOSCH,37.0,3,186.0,60.0,66.0,237.0,2,4,NoFrost,191.0,D,36,NoFrost,Blanco
2685.26,SMEG,37.0,3,196.0,70.0,75.0,344.0,2,5,NoFrost,285.0,E,41,NoFrost,Crema
293.25,ROMMER,37.0,3,148.0,58.0,60.0,171.0,2,3,Estático,222.0,F,41,Estático,Inox
1925.99,BALAY,78.0,3,179.0,91.0,71.0,371.0,2,5,NoFrost,404.0,F,42,NoFrost,Inox
765.49,ARISTON HOTPOINT,37.0,3,180.0,70.0,73.0,317.0,2,4,NoFrost,320.0,F,41,NoFrost,Inox
1947.44,SMEG,37.0,3,197.0,60.0,73.0,234.0,2,3,NoFrost,204.0,D,37,NoFrost,Negro
1924.49,BALAY,37.0,3,183.0,91.0,73.0,405.0,4,3,NoFrost,333.0,E,38,NoFrost,Inox
618.49,BOSCH,37.0,3,176.0,60.0,66.0,193.0,2,3,NoFrost,237.0,E,42,NoFrost,Inox
1041.49,LG,78.0,3,186.0,60.0,71.0,386.0,1,5,NoFrost,97.0,D,37,NoFrost,Inox
959.99,TEKA,37.0,3,194.0,54.0,55.0,215.0,2,4,NoFrost,223.0,E,37,NoFrost,Blanco
1783.88,SMEG,37.0,3,183.0,84.0,75.0,387.0,4,4,NoFrost,378.0,F,35,NoFrost,Inox
875.49,BOSCH,37.0,3,186.0,60.0,65.0,346.0,1,7,Cíclico,116.0,E,39,Cíclico,Blanco
1354.49,SMEG,37.0,3,153.0,60.0,73.0,244.0,1,3,Estático,130.0,D,35,Estático,Azul
1482.49,BOSCH,37.0,3,186.0,86.0,81.0,479.0,2,3,NoFrost,307.0,E,40,NoFrost,Inox
1080.49,BOSCH,37.0,3,203.0,60.0,66.0,279.0,2,5,NoFrost,238.0,E,39,NoFrost,Lima
541.49,ARISTON HOTPOINT,37.0,3,180.0,70.0,69.0,332.0,2,5,Cíclico,282.0,F,45,Cíclico,Blanco
1228.49,BOSCH,37.0,3,203.0,70.0,67.0,330.0,2,5,NoFrost,207.0,D,36,NoFrost,Blanco
1393.49,BALAY,37.0,3,203.0,70.0,67.0,330.0,2,5,NoFrost,207.0,D,36,NoFrost,Antracita
517.99,ROMMER,37.0,3,186.0,60.0,60.0,207.0,2,3,NoFrost,299.0,F,41,NoFrost,Inox
1100.36,SMEG,37.0,3,97.0,55.0,66.0,105.0,1,2,Estático,142.0,E,37,Estático,Inox
481.49,ROMMER,37.0,3,181.0,54.0,60.0,195.0,2,3,Cíclico,224.0,E,43,Cíclico,Blanco
770.99,BOSCH,37.0,3,186.0,60.0,66.0,237.0,2,4,NoFrost,238.0,E,39,NoFrost,Blanco
1757.49,BOSCH,37.0,3,204.0,60.0,66.0,279.0,2,5,NoFrost,238.0,E,39,NoFrost,Inox
1693.33,SMEG,37.0,3,153.0,60.0,77.0,244.0,1,3,Cíclico,130.0,D,35,Cíclico,Inox
501.49,ROMMER,37.0,3,181.0,54.0,60.0,195.0,2,3,NoFrost,280.0,F,40,NoFrost,Blanco
1161.49,BALAY,37.0,3,203.0,60.0,66.0,279.0,2,5,NoFrost,191.0,D,36,NoFrost,Negro
1354.49,SMEG,37.0,3,153.0,60.0,73.0,244.0,1,3,Estático,130.0,D,35,Estático,Rosa
948.49,BOSCH,37.0,3,186.0,60.0,66.0,237.0,2,4,NoFrost,191.0,D,36,NoFrost,Inox
1531.95,BOSCH,37.0,3,177.0,56.0,55.0,184.0,2,3,NoFrost,186.0,D,35,NoFrost,Blanco
1947.44,SMEG,37.0,3,197.0,60.0,73.0,234.0,2,3,NoFrost,204.0,D,37,NoFrost,Verde
1608.61,SMEG,37.0,3,172.0,60.0,77.0,222.0,2,3,Cíclico,168.0,D,35,Cíclico,Verde
378.49,INDESIT,37.0,3,144.0,54.0,57.0,171.0,2,4,Cíclico,221.0,F,41,Cíclico,Inox
1354.49,SMEG,37.0,3,153.0,60.0,77.0,244.0,1,3,Cíclico,130.0,D,35,Cíclico,Rosa
1685.49,TEKA,37.0,3,194.0,91.0,78.0,455.0,4,3,NoFrost,339.0,E,43,NoFrost,Inox
1354.49,SMEG,37.0,3,153.0,60.0,77.0,244.0,1,3,Cíclico,130.0,D,35,Cíclico,Lima
515.49,ROMMER,37.0,3,181.0,54.0,60.0,195.0,2,3,NoFrost,280.0,F,40,NoFrost,Inox
1693.33,SMEG,37.0,3,153.0,60.0,73.0,244.0,1,3,Cíclico,130.0,D,35,Cíclico,Inox
470.49,ROMMER,37.0,3,155.0,60.0,63.0,309.0,2,5,Estático,140.0,F,41,Estático,Inox
724.99,TEKA,37.0,3,186.0,60.0,65.0,230.0,2,3,NoFrost,250.0,E,42,NoFrost,Inox
1080.49,BOSCH,37.0,3,203.0,60.0,66.0,279.0,2,4,NoFrost,238.0,E,39,NoFrost,Gris
1312.49,BOSCH,37.0,3,186.0,60.0,65.0,346.0,1,7,Cíclico,116.0,E,39,Cíclico,Inox
2243.93,SMEG,37.0,3,192.0,80.0,81.0,400.0,2,3,NoFrost,265.0,E,41,NoFrost,Crema
1947.44,SMEG,37.0,3,197.0,60.0,77.0,234.0,2,4,NoFrost,204.0,D,37,NoFrost,Rojo
1608.61,SMEG,37.0,3,172.0,60.0,77.0,222.0,2,4,Cíclico,168.0,D,37,Cíclico,Azul
1161.49,BOSCH,37.0,3,186.0,60.0,65.0,346.0,1,7,Estático,116.0,E,39,Estático,Inox
1947.44,SMEG,37.0,3,197.0,60.0,77.0,234.0,2,4,NoFrost,204.0,D,37,NoFrost,Azul
1354.49,SMEG,37.0,3,153.0,60.0,77.0,244.0,1,3,Cíclico,130.0,D,35,Cíclico,Azul
352.99,INDESIT,37.0,3,144.0,54.0,57.0,171.0,2,4,Cíclico,221.0,F,41,Cíclico,Blanco
1608.61,SMEG,37.0,3,172.0,60.0,77.0,222.0,2,4,Cíclico,168.0,D,37,Cíclico,Verde
1086.49,BALAY,37.0,3,186.0,60.0,66.0,237.0,2,4,NoFrost,191.0,D,36,NoFrost,Negro
1074.99,BOSCH,37.0,3,203.0,60.0,66.0,279.0,2,5,NoFrost,238.0,E,39,NoFrost,Naranja
1361.49,BOSCH,37.0,3,203.0,60.0,67.0,260.0,2,5,NoFrost,129.0,B,33,NoFrost,Negro
444.85,ROMMER,37.0,3,171.0,54.0,60.0,184.0,2,3,Cíclico,277.0,F,40,Cíclico,Inox
1947.44,SMEG,37.0,3,197.0,60.0,76.0,234.0,2,4,NoFrost,204.0,D,37,NoFrost,Azul
1693.33,SMEG,37.0,3,153.0,60.0,73.0,244.0,1,3,Cíclico,130.0,D,35,Cíclico,Inox
389.8,WINIA,37.0,3,186.0,60.0,66.98464912280701,210.0,2,4,Libre,233.0,E,40,NoFrost,Inox
1011.65,BOSCH,37.0,3,203.0,60.0,66.0,279.0,2,5,NoFrost,238.0,E,39,NoFrost,Gris
327.2,KROMSLINE,37.0,5,185.0,60.0,60.0,194.0,2,3,Cíclico,288.0,F,40,Cíclico,Inox
780.99,LG,37.0,3,186.0,60.0,66.98464912280701,263.1327623126338,2,4,NoFrost,228.83690987124464,E,38,NoFrost,Inox
2566.67,SMEG,37.0,3,196.0,70.0,66.98464912280701,263.1327623126338,2,4,NoFrost,228.83690987124464,E,38,NoFrost,Blanco
732.99,BALAY,37.0,3,186.0,60.0,66.0,237.0,2,4,NoFrost,238.0,E,39,NoFrost,Blanco
333.99,INDESIT,37.0,3,174.0,55.0,58.0,154.0,2,4,Cíclico,274.0,F,44,Cíclico,Blanco
1063.49,LG,78.0,3,179.0,91.0,72.0,400.0,2,4,NoFrost,419.0,F,39,NoFrost,Inox
264.49,ROMMER,78.0,3,84.0,55.0,57.0,106.0,1,2,Estático,170.0,F,40,Estático,Blanco
1145.99,BALAY,37.0,3,203.0,70.0,67.0,330.0,2,5,NoFrost,259.0,E,40,NoFrost,Gris
1194.49,BALAY,37.0,3,203.0,70.0,67.0,330.0,2,5,NoFrost,259.0,E,40,NoFrost,Negro
552.49,LG,37.0,3,203.0,60.0,68.0,277.0,2,5,NoFrost,269.0,E,36,NoFrost,Blanco
548.15,WINIA,37.0,3,195.0,60.0,66.98464912280701,243.0,2,4,Libre,254.0,E,39,NoFrost,Inox
526.49,LG,37.0,3,167.0,56.0,59.0,165.0,2,4,NoFrost,250.0,F,39,NoFrost,Blanco
524.49,FAGOR,37.0,3,186.0,60.0,60.0,206.0,2,4,NoFrost,239.0,E,38,NoFrost,Blanco
561.99,BALAY,37.0,3,176.0,60.0,66.0,192.0,2,3,NoFrost,237.0,E,42,NoFrost,Inox
810.49,BALAY,37.0,3,186.0,60.0,66.0,237.0,2,4,NoFrost,238.0,E,39,NoFrost,Inox
473.49,ROMMER,37.0,3,186.0,60.0,60.0,207.0,2,4,Cíclico,299.0,F,41,Cíclico,Blanco
370.05,WINIA,37.0,3,186.0,60.0,66.98464912280701,210.0,2,4,Libre,233.0,E,40,NoFrost,Blanco
526.8,WINIA,37.0,3,195.0,60.0,66.98464912280701,243.0,2,4,Libre,254.0,E,39,NoFrost,Inox
847.49,BALAY,37.0,3,177.0,56.0,55.0,319.0,1,7,Cíclico,115.0,E,37,Cíclico,Inox
371.49,ROMMER,37.0,3,83.0,45.0,51.0,263.1327623126338,1,4,Cíclico,329.0,C,38,Cíclico,Inox
354.9,WINIA,37.0,3,186.0,60.0,66.98464912280701,210.0,2,4,Libre,291.0,F,40,NoFrost,Inox
387.49,WINIA,37.0,3,186.0,60.0,66.98464912280701,207.0,2,4,NoFrost,239.0,E,41,NoFrost,Blanco
351.2,KROMSLINE,37.0,5,185.0,60.0,60.0,201.0,2,3,NoFrost,297.0,F,41,NoFrost,Inox
348.49,INDESIT,37.0,3,174.0,55.0,58.0,154.0,2,3,Cíclico,274.0,F,44,Cíclico,Inox
557.49,TEKA,37.0,3,201.0,60.0,63.0,245.0,2,5,NoFrost,231.0,E,41,NoFrost,Inox
659.49,BALAY,37.0,3,186.0,60.0,65.0,346.0,1,7,Cíclico,112.0,E,39,Cíclico,Inox
826.49,LG,37.0,3,203.0,60.0,68.0,292.0,2,4,NoFrost,172.0,C,35,NoFrost,Blanco
794.49,BALAY,37.0,3,203.0,60.0,66.0,279.0,2,5,NoFrost,238.0,E,39,NoFrost,Negro
448.12,NIBELS,37.0,3,201.0,60.0,63.0,240.0,2,4,NoFrost,228.83690987124464,E,38,NoFrost,Blanco
506.49,BOSCH,37.0,3,186.0,60.0,66.0,216.0,2,4,NoFrost,239.0,E,42,NoFrost,Blanco
477.49,BOSCH,37.0,3,186.0,60.0,66.0,216.0,2,4,NoFrost,239.0,E,42,NoFrost,Blanco
2566.67,SMEG,37.0,3,196.0,70.0,75.0,344.0,2,5,NoFrost,285.0,E,41,NoFrost,Negro
980.49,BOSCH,37.0,3,203.0,60.0,66.0,279.0,2,5,NoFrost,238.0,E,39,NoFrost,Gris
676.49,BUTSIR,37.0,3,79.0,51.0,60.0,85.0,1,2,Cíclico,228.83690987124464,E,38,Cíclico,Blanco
598.99,LG,37.0,3,186.0,60.0,68.0,234.0,2,4,NoFrost,253.0,E,36,NoFrost,Blanco
940.49,BOSCH,37.0,3,177.0,54.0,55.0,183.0,2,4,Cíclico,229.0,E,35,Cíclico,Blanco
